<metadata xml:lang="it"><Esri><CreaDate>20230515</CreaDate><CreaTime>10310100</CreaTime><ArcGISFormat>1.0</ArcGISFormat><SyncOnce>FALSE</SyncOnce><DataProperties><lineage><Process ToolSource="c:\program files (x86)\arcgis\desktop10.3\ArcToolbox\Toolboxes\Data Management Tools.tbx\DefineProjection" Date="20170110" Time="170520" Name="" export="">DefineProjection F:\DBGT10K\SHP_ML\ZONA_R_ZONA_R_POS_SR.shp PROJCS['WGS_1984_UTM_Zone_32N',GEOGCS['GCS_WGS_1984',DATUM['D_WGS_1984',SPHEROID['WGS_1984',6378137.0,298.257223563]],PRIMEM['Greenwich',0.0],UNIT['Degree',0.0174532925199433]],PROJECTION['Transverse_Mercator'],PARAMETER['false_easting',500000.0],PARAMETER['false_northing',0.0],PARAMETER['central_meridian',9.0],PARAMETER['scale_factor',0.9996],PARAMETER['latitude_of_origin',0.0],UNIT['Meter',1.0]]</Process><Process Name="Append (83)" ToolSource="c:\program files (x86)\arcgis\desktop10.3\ArcToolbox\Toolboxes\Data Management Tools.tbx\Append" Date="20170110" Time="175808" export="">Append F:\DBGT10K\SHPdaGDB\ZONA_R_ZONA_R_POS_SR.shp F:\DBGT10K\SHP_ML\ZONA_R_ZONA_R_POS_SR.shp NO_TEST "SUBREGID "SUBREGID" true false false 70 Text 0 0 ,First,#,F:\Fase_04\DATI_Fase4\FINAL\covert_SHP\ZONA_R_ZONA_R_POS_SR.shp,SubRegID,-1,-1;CLASSREF "CLASSREF" true false false 70 Text 0 0 ,First,#,F:\Fase_04\DATI_Fase4\FINAL\covert_SHP\ZONA_R_ZONA_R_POS_SR.shp,ClassREF,-1,-1;ZONA_R_SEZ "ZONA_R_SEZ" true false false 10 Text 0 0 ,First,#,F:\Fase_04\DATI_Fase4\FINAL\covert_SHP\ZONA_R_ZONA_R_POS_SR.shp,ZONA_R_SEZ,-1,-1;ZONA_R_SE1 "ZONA_R_SE1" true false false 40 Text 0 0 ,First,#,F:\Fase_04\DATI_Fase4\FINAL\covert_SHP\ZONA_R_ZONA_R_POS_SR.shp,ZONA_R_S_1,-1,-1" #</Process><Process Name="Join Field" ToolSource="c:\program files (x86)\arcgis\desktop10.3\ArcToolbox\Toolboxes\Data Management Tools.tbx\JoinField" Date="20170111" Time="080658" export="">JoinField ZONA_R_ZONA_R_POS_SR_Layer CLASSREF _ZONA_R_Layer CLASSID CLASSID;SCRIL;ZONA_R_COL;ZONA_R_DT;ZONA_R_ENT;ZONA_R_MET;ZONA_R_RID;ZONA_R_SN</Process><Process Name="Join Field (2)" ToolSource="c:\program files (x86)\arcgis\desktop10.3\ArcToolbox\Toolboxes\Data Management Tools.tbx\JoinField" Date="20170111" Time="080805" export="">JoinField ZONA_R_ZONA_R_POS_SR_Layer CLASSID ZONA_R_ZONA_R_POS_LOTTO_NOM_ CLASSREF LINGUA;NOME</Process><Process Name="Feature Class to Feature Class (2)" ToolSource="c:\program files (x86)\arcgis\desktop10.3\ArcToolbox\Toolboxes\Conversion Tools.tbx\FeatureClassToFeatureClass" Date="20170111" Time="080806" export="">FeatureClassToFeatureClass ZONA_R_ZONA_R_POS_SR_Layer F:\DBGT10K\SHP_PRODUZIONE 13_QUADRO_UNIONE_10K.shp # "CLASSID "CLASSID" true true false 70 Text 0 0 ,First,#,_ZONA_R_Layer,CLASSID,-1,-1;SCRIL "SCRIL" true true false 80 Text 0 0 ,First,#,_ZONA_R_Layer,SCRIL,-1,-1;ZONA_R_COL "ZONA_R_COL" true true false 100 Text 0 0 ,First,#,_ZONA_R_Layer,ZONA_R_COL,-1,-1;ZONA_R_DT "ZONA_R_DT" true true false 100 Text 0 0 ,First,#,_ZONA_R_Layer,ZONA_R_DT,-1,-1;ZONA_R_ENT "ZONA_R_ENT" true true false 100 Text 0 0 ,First,#,_ZONA_R_Layer,ZONA_R_ENT,-1,-1;ZONA_R_MET "ZONA_R_MET" true true false 100 Text 0 0 ,First,#,_ZONA_R_Layer,ZONA_R_MET,-1,-1;ZONA_R_RID "ZONA_R_RID" true true false 50 Text 0 0 ,First,#,_ZONA_R_Layer,ZONA_R_RID,-1,-1;ZONA_R_SN "ZONA_R_SN" true true false 80 Text 0 0 ,First,#,_ZONA_R_Layer,ZONA_R_SN,-1,-1;SUBREGID "SUBREGID" true true false 70 Text 0 0 ,First,#,_ZONA_R_Layer,SUBREGID,-1,-1;ZONA_R_SEZ "ZONA_R_SEZ" true true false 10 Text 0 0 ,First,#,_ZONA_R_Layer,ZONA_R_SEZ,-1,-1;ZONA_R_SE1 "ZONA_R_SE1" true true false 40 Text 0 0 ,First,#,_ZONA_R_Layer,ZONA_R_SE1,-1,-1;LINGUA "LINGUA" true true false 80 Text 0 0 ,First,#,_ZONA_R_Layer,LINGUA,-1,-1;NOME "NOME" true true false 100 Text 0 0 ,First,#,_ZONA_R_Layer,NOME,-1,-1" #</Process><Process ToolSource="c:\program files (x86)\arcgis\desktop10.2\ArcToolbox\Toolboxes\Data Management Tools.tbx\CopyFeatures" Date="20170403" Time="123543" Name="" export="">CopyFeatures U:\LOTTO3\DBGT10k\DBGT_10K_WGS84UTM32N\SHP_SEMPLIFICATI\00_QUADRO_UNIONE_10K.shp "U:\LOTTO3\DBGT10k\DBGT_10K_WGS84UTM32N\New Folder\00_QUADRO_UNIONE_10K.shp" # 0 0 0</Process><Process ToolSource="c:\program files (x86)\arcgis\desktop10.5\ArcToolbox\Toolboxes\Conversion Tools.tbx\FeatureClassToFeatureClass" Date="20220329" Time="164056" Name="" export="">FeatureClassToFeatureClass C:\cus_sardegna\quadro_unione\00_QUADRO_UNIONE_10K.shp G:\113_CUS_Sardegna\progettazione\CUS_Sardegna_v0.gdb QUADRO_UNIONE_10K # "CLASSID "CLASSID" true true false 70 Text 0 0 ,First,#,C:\cus_sardegna\quadro_unione\00_QUADRO_UNIONE_10K.shp,CLASSID,-1,-1;SCRIL "SCRIL" true true false 80 Text 0 0 ,First,#,C:\cus_sardegna\quadro_unione\00_QUADRO_UNIONE_10K.shp,SCRIL,-1,-1;ZONA_R_COL "ZONA_R_COL" true true false 100 Text 0 0 ,First,#,C:\cus_sardegna\quadro_unione\00_QUADRO_UNIONE_10K.shp,ZONA_R_COL,-1,-1;ZONA_R_DT "ZONA_R_DT" true true false 100 Text 0 0 ,First,#,C:\cus_sardegna\quadro_unione\00_QUADRO_UNIONE_10K.shp,ZONA_R_DT,-1,-1;ZONA_R_ENT "ZONA_R_ENT" true true false 100 Text 0 0 ,First,#,C:\cus_sardegna\quadro_unione\00_QUADRO_UNIONE_10K.shp,ZONA_R_ENT,-1,-1;ZONA_R_MET "ZONA_R_MET" true true false 100 Text 0 0 ,First,#,C:\cus_sardegna\quadro_unione\00_QUADRO_UNIONE_10K.shp,ZONA_R_MET,-1,-1;ZONA_R_RID "ZONA_R_RID" true true false 50 Text 0 0 ,First,#,C:\cus_sardegna\quadro_unione\00_QUADRO_UNIONE_10K.shp,ZONA_R_RID,-1,-1;ZONA_R_SN "ZONA_R_SN" true true false 80 Text 0 0 ,First,#,C:\cus_sardegna\quadro_unione\00_QUADRO_UNIONE_10K.shp,ZONA_R_SN,-1,-1;SUBREGID "SUBREGID" true true false 70 Text 0 0 ,First,#,C:\cus_sardegna\quadro_unione\00_QUADRO_UNIONE_10K.shp,SUBREGID,-1,-1;ZONA_R_SEZ "ZONA_R_SEZ" true true false 10 Text 0 0 ,First,#,C:\cus_sardegna\quadro_unione\00_QUADRO_UNIONE_10K.shp,ZONA_R_SEZ,-1,-1;ZONA_R_SE1 "ZONA_R_SE1" true true false 40 Text 0 0 ,First,#,C:\cus_sardegna\quadro_unione\00_QUADRO_UNIONE_10K.shp,ZONA_R_SE1,-1,-1;LINGUA "LINGUA" true true false 80 Text 0 0 ,First,#,C:\cus_sardegna\quadro_unione\00_QUADRO_UNIONE_10K.shp,LINGUA,-1,-1;NOME "NOME" true true false 100 Text 0 0 ,First,#,C:\cus_sardegna\quadro_unione\00_QUADRO_UNIONE_10K.shp,NOME,-1,-1" #</Process><Process ToolSource="c:\program files (x86)\arcgis\desktop10.5\ArcToolbox\Toolboxes\Data Management Tools.tbx\Project" Date="20220329" Time="171812" Name="" export="">Project G:\113_CUS_Sardegna\progettazione\CUS_Sardegna_v0.gdb\QUADRO_UNIONE_10K G:\113_CUS_Sardegna\progettazione\CUS_Sardegna_v0.gdb\QUADRO_UNIONE_10K_project PROJCS['ETRS_1989_UTM_Zone_32N',GEOGCS['GCS_ETRS_1989',DATUM['D_ETRS_1989',SPHEROID['GRS_1980',6378137.0,298.257222101]],PRIMEM['Greenwich',0.0],UNIT['Degree',0.0174532925199433]],PROJECTION['Transverse_Mercator'],PARAMETER['False_Easting',500000.0],PARAMETER['False_Northing',0.0],PARAMETER['Central_Meridian',9.0],PARAMETER['Scale_Factor',0.9996],PARAMETER['Latitude_Of_Origin',0.0],UNIT['Meter',1.0]] ETRS_1989_To_WGS_1984 PROJCS['WGS_1984_UTM_Zone_32N',GEOGCS['GCS_WGS_1984',DATUM['D_WGS_1984',SPHEROID['WGS_1984',6378137.0,298.257223563]],PRIMEM['Greenwich',0.0],UNIT['Degree',0.0174532925199433]],PROJECTION['Transverse_Mercator'],PARAMETER['False_Easting',500000.0],PARAMETER['False_Northing',0.0],PARAMETER['Central_Meridian',9.0],PARAMETER['Scale_Factor',0.9996],PARAMETER['Latitude_Of_Origin',0.0],UNIT['Meter',1.0]] NO_PRESERVE_SHAPE # NO_VERTICAL</Process><Process ToolSource="c:\program files (x86)\arcgis\desktop10.5\ArcToolbox\Toolboxes\Data Management Tools.tbx\CalculateField" Date="20221129" Time="103341">CalculateField CUS10K_quadro_unione_report Start_date 12/12/2022 VB #</Process><Process ToolSource="c:\program files (x86)\arcgis\desktop10.5\ArcToolbox\Toolboxes\Data Management Tools.tbx\CalculateField" Date="20221129" Time="103403">CalculateField CUS10K_quadro_unione_report End_plan 12/16/2022 VB #</Process><Process ToolSource="c:\program files (x86)\arcgis\desktop10.5\ArcToolbox\Toolboxes\Data Management Tools.tbx\CalculateField" Date="20221129" Time="104239">CalculateField CUS10K_quadro_unione_report Start_date 2022-12-12 VB #</Process><Process ToolSource="c:\program files (x86)\arcgis\desktop10.5\ArcToolbox\Toolboxes\Data Management Tools.tbx\CalculateField" Date="20221129" Time="104253">CalculateField CUS10K_quadro_unione_report Start_date "2022-12-12" VB #</Process><Process ToolSource="c:\program files (x86)\arcgis\desktop10.5\ArcToolbox\Toolboxes\Data Management Tools.tbx\CalculateField" Date="20221129" Time="104322">CalculateField CUS10K_quadro_unione_report End_plan "2022-12-16" VB #</Process><Process ToolSource="c:\program files (x86)\arcgis\desktop10.5\ArcToolbox\Toolboxes\Data Management Tools.tbx\Project" Date="20221216" Time="150808">Project CUS10K_quadro_unione_report K:\progetti\progetti_z\P21G1466_Regione_Sardegna_Uso_Suolo\Reference\QUADRO_UNIONE\CUS10K_quadro_unione_report_rnd2008.shp PROJCS['RDN2008_UTM_zone_32N',GEOGCS['GCS_RDN2008',DATUM['D_Rete_Dinamica_Nazionale_2008',SPHEROID['GRS_1980',6378137.0,298.257222101]],PRIMEM['Greenwich',0.0],UNIT['Degree',0.0174532925199433]],PROJECTION['Transverse_Mercator'],PARAMETER['False_Easting',500000.0],PARAMETER['False_Northing',0.0],PARAMETER['Central_Meridian',9.0],PARAMETER['Scale_Factor',0.9996],PARAMETER['Latitude_Of_Origin',0.0],UNIT['Meter',1.0]] RDN2008_To_ETRS_1989_1 PROJCS['ETRS_1989_UTM_Zone_32N',GEOGCS['GCS_ETRS_1989',DATUM['D_ETRS_1989',SPHEROID['GRS_1980',6378137.0,298.257222101]],PRIMEM['Greenwich',0.0],UNIT['Degree',0.0174532925199433]],PROJECTION['Transverse_Mercator'],PARAMETER['False_Easting',500000.0],PARAMETER['False_Northing',0.0],PARAMETER['Central_Meridian',9.0],PARAMETER['Scale_Factor',0.9996],PARAMETER['Latitude_Of_Origin',0.0],UNIT['Meter',1.0]] NO_PRESERVE_SHAPE # NO_VERTICAL</Process><Process ToolSource="c:\program files (x86)\arcgis\desktop10.5\ArcToolbox\Toolboxes\Data Management Tools.tbx\CalculateField" Date="20230510" Time="094053">CalculateField SEZIONI_30 consegnate "prototipo" VB #</Process><Process ToolSource="c:\program files (x86)\arcgis\desktop10.5\ArcToolbox\Toolboxes\Data Management Tools.tbx\CalculateField" Date="20230510" Time="094132">CalculateField SEZIONI_30 consegnate "seconda consegna" VB #</Process><Process ToolSource="c:\program files (x86)\arcgis\desktop10.5\ArcToolbox\Toolboxes\Data Management Tools.tbx\CalculateField" Date="20230510" Time="094207">CalculateField SEZIONI_30 consegnate "terza consegna sez13" VB #</Process><Process ToolSource="c:\program files (x86)\arcgis\desktop10.5\ArcToolbox\Toolboxes\Data Management Tools.tbx\CalculateField" Date="20230510" Time="094232">CalculateField SEZIONI_30 consegnate "seconda consegna sez51" VB #</Process><Process ToolSource="c:\program files (x86)\arcgis\desktop10.5\ArcToolbox\Toolboxes\Data Management Tools.tbx\CalculateField" Date="20230510" Time="094256">CalculateField SEZIONI_30 consegnate "prototipo sez30" VB #</Process><Process ToolSource="c:\program files (x86)\arcgis\desktop10.5\ArcToolbox\Toolboxes\Data Management Tools.tbx\CalculateField" Date="20230510" Time="094609">CalculateField SEZIONI_30 consegnate "sez23" VB #</Process><Process ToolSource="c:\program files (x86)\arcgis\desktop10.5\ArcToolbox\Toolboxes\Data Management Tools.tbx\CalculateField" Date="20230510" Time="094626">CalculateField SEZIONI_30 consegnate "sez25" VB #</Process><Process ToolSource="c:\program files (x86)\arcgis\desktop10.5\ArcToolbox\Toolboxes\Data Management Tools.tbx\CalculateField" Date="20230515" Time="121607">CalculateField SEZIONI_30 consegnate "sezE86" VB #</Process><Process ToolSource="c:\program files (x86)\arcgis\desktop10.5\ArcToolbox\Toolboxes\Data Management Tools.tbx\CalculateField" Date="20230515" Time="121923">CalculateField SEZIONI_30 note_PK "mergiate in sezO58" VB #</Process><Process ToolSource="c:\program files (x86)\arcgis\desktop10.5\ArcToolbox\Toolboxes\Conversion Tools.tbx\FeatureClassToFeatureClass" Date="20230530" Time="122616">FeatureClassToFeatureClass SEZIONI_30 D:\CUS_Sardegna_unico_livello\maggio23\settimana29\consegneAgristudioMaggio23.gdb sezioni225 # "OBJECTID "OBJECTID" true true false 10 Long 0 10 ,First,#,SEZIONI_30,OBJECTID,-1,-1;CLASSID "CLASSID" true true false 70 Text 0 0 ,First,#,SEZIONI_30,CLASSID,-1,-1;SCRIL "SCRIL" true true false 80 Text 0 0 ,First,#,SEZIONI_30,SCRIL,-1,-1;ZONA_R_COL "ZONA_R_COL" true true false 100 Text 0 0 ,First,#,SEZIONI_30,ZONA_R_COL,-1,-1;ZONA_R_DT "ZONA_R_DT" true true false 100 Text 0 0 ,First,#,SEZIONI_30,ZONA_R_DT,-1,-1;ZONA_R_ENT "ZONA_R_ENT" true true false 100 Text 0 0 ,First,#,SEZIONI_30,ZONA_R_ENT,-1,-1;ZONA_R_MET "ZONA_R_MET" true true false 100 Text 0 0 ,First,#,SEZIONI_30,ZONA_R_MET,-1,-1;ZONA_R_RID "ZONA_R_RID" true true false 50 Text 0 0 ,First,#,SEZIONI_30,ZONA_R_RID,-1,-1;ZONA_R_SN "ZONA_R_SN" true true false 80 Text 0 0 ,First,#,SEZIONI_30,ZONA_R_SN,-1,-1;SUBREGID "SUBREGID" true true false 70 Text 0 0 ,First,#,SEZIONI_30,SUBREGID,-1,-1;ZONA_R_SEZ "ZONA_R_SEZ" true true false 10 Text 0 0 ,First,#,SEZIONI_30,ZONA_R_SEZ,-1,-1;ZONA_R_SE1 "ZONA_R_SE1" true true false 40 Text 0 0 ,First,#,SEZIONI_30,ZONA_R_SE1,-1,-1;LINGUA "LINGUA" true true false 80 Text 0 0 ,First,#,SEZIONI_30,LINGUA,-1,-1;NOME "NOME" true true false 100 Text 0 0 ,First,#,SEZIONI_30,NOME,-1,-1;PERC_COMPL "PERC_COMPL" true true false 10 Long 0 10 ,First,#,SEZIONI_30,PERC_COMPL,-1,-1;Shape_Leng "Shape_Leng" true true false 19 Double 0 0 ,First,#,SEZIONI_30,Shape_Leng,-1,-1;Shape_Area "Shape_Area" true true false 19 Double 0 0 ,First,#,SEZIONI_30,Shape_Area,-1,-1;Start_date "Start_date" true true false 8 Date 0 0 ,First,#,SEZIONI_30,Start_date,-1,-1;End_date "End_date" true true false 8 Date 0 0 ,First,#,SEZIONI_30,End_date,-1,-1;End_plan "End_plan" true true false 8 Date 0 0 ,First,#,SEZIONI_30,End_plan,-1,-1;consegnate "consegnate" true true false 50 Text 0 0 ,First,#,SEZIONI_30,consegnate,-1,-1;note_PK "note_PK" true true false 250 Text 0 0 ,First,#,SEZIONI_30,note_PK,-1,-1" #</Process><Process ToolSource="c:\program files (x86)\arcgis\desktop10.5\ArcToolbox\Toolboxes\Data Management Tools.tbx\CalculateField" Date="20230530" Time="123331">CalculateField sezioni225 fotointerpretate "maggio 2023" VB #</Process><Process ToolSource="c:\program files (x86)\arcgis\desktop10.5\ArcToolbox\Toolboxes\Conversion Tools.tbx\FeatureClassToFeatureClass" Date="20230602" Time="142538">FeatureClassToFeatureClass D:\CUS_Sardegna_unico_livello\maggio23\settimana29\consegneAgristudioMaggio23.gdb\sezioni225 K:\progetti\progetti_z\P21G1466_Regione_Sardegna_Uso_Suolo\01_processing\maggio23\CORREZIONI_PK\materiale_utile_per_consegneRAS_02giu\materiale_consegne_RAS.gdb sezioni225 # "OBJECTID "OBJECTID" true true false 4 Long 0 0 ,First,#,D:\CUS_Sardegna_unico_livello\maggio23\settimana29\consegneAgristudioMaggio23.gdb\sezioni225,OBJECTID,-1,-1;CLASSID "CLASSID" true true false 70 Text 0 0 ,First,#,D:\CUS_Sardegna_unico_livello\maggio23\settimana29\consegneAgristudioMaggio23.gdb\sezioni225,CLASSID,-1,-1;SCRIL "SCRIL" true true false 80 Text 0 0 ,First,#,D:\CUS_Sardegna_unico_livello\maggio23\settimana29\consegneAgristudioMaggio23.gdb\sezioni225,SCRIL,-1,-1;ZONA_R_COL "ZONA_R_COL" true true false 100 Text 0 0 ,First,#,D:\CUS_Sardegna_unico_livello\maggio23\settimana29\consegneAgristudioMaggio23.gdb\sezioni225,ZONA_R_COL,-1,-1;ZONA_R_DT "ZONA_R_DT" true true false 100 Text 0 0 ,First,#,D:\CUS_Sardegna_unico_livello\maggio23\settimana29\consegneAgristudioMaggio23.gdb\sezioni225,ZONA_R_DT,-1,-1;ZONA_R_ENT "ZONA_R_ENT" true true false 100 Text 0 0 ,First,#,D:\CUS_Sardegna_unico_livello\maggio23\settimana29\consegneAgristudioMaggio23.gdb\sezioni225,ZONA_R_ENT,-1,-1;ZONA_R_MET "ZONA_R_MET" true true false 100 Text 0 0 ,First,#,D:\CUS_Sardegna_unico_livello\maggio23\settimana29\consegneAgristudioMaggio23.gdb\sezioni225,ZONA_R_MET,-1,-1;ZONA_R_RID "ZONA_R_RID" true true false 50 Text 0 0 ,First,#,D:\CUS_Sardegna_unico_livello\maggio23\settimana29\consegneAgristudioMaggio23.gdb\sezioni225,ZONA_R_RID,-1,-1;ZONA_R_SN "ZONA_R_SN" true true false 80 Text 0 0 ,First,#,D:\CUS_Sardegna_unico_livello\maggio23\settimana29\consegneAgristudioMaggio23.gdb\sezioni225,ZONA_R_SN,-1,-1;SUBREGID "SUBREGID" true true false 70 Text 0 0 ,First,#,D:\CUS_Sardegna_unico_livello\maggio23\settimana29\consegneAgristudioMaggio23.gdb\sezioni225,SUBREGID,-1,-1;ZONA_R_SEZ "ZONA_R_SEZ" true true false 10 Text 0 0 ,First,#,D:\CUS_Sardegna_unico_livello\maggio23\settimana29\consegneAgristudioMaggio23.gdb\sezioni225,ZONA_R_SEZ,-1,-1;ZONA_R_SE1 "ZONA_R_SE1" true true false 40 Text 0 0 ,First,#,D:\CUS_Sardegna_unico_livello\maggio23\settimana29\consegneAgristudioMaggio23.gdb\sezioni225,ZONA_R_SE1,-1,-1;LINGUA "LINGUA" true true false 80 Text 0 0 ,First,#,D:\CUS_Sardegna_unico_livello\maggio23\settimana29\consegneAgristudioMaggio23.gdb\sezioni225,LINGUA,-1,-1;NOME "NOME" true true false 100 Text 0 0 ,First,#,D:\CUS_Sardegna_unico_livello\maggio23\settimana29\consegneAgristudioMaggio23.gdb\sezioni225,NOME,-1,-1;PERC_COMPL "PERC_COMPL" true true false 4 Long 0 0 ,First,#,D:\CUS_Sardegna_unico_livello\maggio23\settimana29\consegneAgristudioMaggio23.gdb\sezioni225,PERC_COMPL,-1,-1;Shape_Leng "Shape_Leng" true true false 8 Double 0 0 ,First,#,D:\CUS_Sardegna_unico_livello\maggio23\settimana29\consegneAgristudioMaggio23.gdb\sezioni225,Shape_Leng,-1,-1;Start_date "Start_date" true true false 8 Date 0 0 ,First,#,D:\CUS_Sardegna_unico_livello\maggio23\settimana29\consegneAgristudioMaggio23.gdb\sezioni225,Start_date,-1,-1;End_date "End_date" true true false 8 Date 0 0 ,First,#,D:\CUS_Sardegna_unico_livello\maggio23\settimana29\consegneAgristudioMaggio23.gdb\sezioni225,End_date,-1,-1;End_plan "End_plan" true true false 8 Date 0 0 ,First,#,D:\CUS_Sardegna_unico_livello\maggio23\settimana29\consegneAgristudioMaggio23.gdb\sezioni225,End_plan,-1,-1;consegnate "consegnate" true true false 50 Text 0 0 ,First,#,D:\CUS_Sardegna_unico_livello\maggio23\settimana29\consegneAgristudioMaggio23.gdb\sezioni225,consegnate,-1,-1;note_PK "note_PK" true true false 250 Text 0 0 ,First,#,D:\CUS_Sardegna_unico_livello\maggio23\settimana29\consegneAgristudioMaggio23.gdb\sezioni225,note_PK,-1,-1;Shape_Length "Shape_Length" false true true 8 Double 0 0 ,First,#,D:\CUS_Sardegna_unico_livello\maggio23\settimana29\consegneAgristudioMaggio23.gdb\sezioni225,Shape_Length,-1,-1;Shape_Area "Shape_Area" false true true 8 Double 0 0 ,First,#,D:\CUS_Sardegna_unico_livello\maggio23\settimana29\consegneAgristudioMaggio23.gdb\sezioni225,Shape_Area,-1,-1;fotointerpretate "fotointerpretate" true true false 50 Text 0 0 ,First,#,D:\CUS_Sardegna_unico_livello\maggio23\settimana29\consegneAgristudioMaggio23.gdb\sezioni225,fotointerpretate,-1,-1" #</Process><Process ToolSource="c:\program files (x86)\arcgis\desktop10.5\ArcToolbox\Toolboxes\Conversion Tools.tbx\FeatureClassToFeatureClass" Date="20230602" Time="142627">FeatureClassToFeatureClass sezioni225 D:\CUS_Sardegna_unico_livello\maggio23\settimana29\materiale_utile_per_consegneRAS\materiale_consegne_RAS.gdb sezioni225 # "OBJECTID "OBJECTID" true true false 4 Long 0 0 ,First,#,sezioni225,OBJECTID,-1,-1;CLASSID "CLASSID" true true false 70 Text 0 0 ,First,#,sezioni225,CLASSID,-1,-1;SCRIL "SCRIL" true true false 80 Text 0 0 ,First,#,sezioni225,SCRIL,-1,-1;ZONA_R_COL "ZONA_R_COL" true true false 100 Text 0 0 ,First,#,sezioni225,ZONA_R_COL,-1,-1;ZONA_R_DT "ZONA_R_DT" true true false 100 Text 0 0 ,First,#,sezioni225,ZONA_R_DT,-1,-1;ZONA_R_ENT "ZONA_R_ENT" true true false 100 Text 0 0 ,First,#,sezioni225,ZONA_R_ENT,-1,-1;ZONA_R_MET "ZONA_R_MET" true true false 100 Text 0 0 ,First,#,sezioni225,ZONA_R_MET,-1,-1;ZONA_R_RID "ZONA_R_RID" true true false 50 Text 0 0 ,First,#,sezioni225,ZONA_R_RID,-1,-1;ZONA_R_SN "ZONA_R_SN" true true false 80 Text 0 0 ,First,#,sezioni225,ZONA_R_SN,-1,-1;SUBREGID "SUBREGID" true true false 70 Text 0 0 ,First,#,sezioni225,SUBREGID,-1,-1;ZONA_R_SEZ "ZONA_R_SEZ" true true false 10 Text 0 0 ,First,#,sezioni225,ZONA_R_SEZ,-1,-1;ZONA_R_SE1 "ZONA_R_SE1" true true false 40 Text 0 0 ,First,#,sezioni225,ZONA_R_SE1,-1,-1;LINGUA "LINGUA" true true false 80 Text 0 0 ,First,#,sezioni225,LINGUA,-1,-1;NOME "NOME" true true false 100 Text 0 0 ,First,#,sezioni225,NOME,-1,-1;PERC_COMPL "PERC_COMPL" true true false 4 Long 0 0 ,First,#,sezioni225,PERC_COMPL,-1,-1;Shape_Leng "Shape_Leng" true true false 8 Double 0 0 ,First,#,sezioni225,Shape_Leng,-1,-1;Start_date "Start_date" true true false 8 Date 0 0 ,First,#,sezioni225,Start_date,-1,-1;End_date "End_date" true true false 8 Date 0 0 ,First,#,sezioni225,End_date,-1,-1;End_plan "End_plan" true true false 8 Date 0 0 ,First,#,sezioni225,End_plan,-1,-1;consegnate "consegnate" true true false 50 Text 0 0 ,First,#,sezioni225,consegnate,-1,-1;note_PK "note_PK" true true false 250 Text 0 0 ,First,#,sezioni225,note_PK,-1,-1;fotointerpretate "fotointerpretate" true true false 50 Text 0 0 ,First,#,sezioni225,fotointerpretate,-1,-1;Shape_Length "Shape_Length" false true true 8 Double 0 0 ,First,#,sezioni225,Shape_Length,-1,-1;Shape_Area "Shape_Area" false true true 8 Double 0 0 ,First,#,sezioni225,Shape_Area,-1,-1" #</Process><Process ToolSource="c:\program files\arcgis\pro\Resources\ArcToolbox\toolboxes\Data Management Tools.tbx\CopyFeatures" Date="20230705" Time="164837">CopyFeatures sezioni225 "D:\CUS_Sardegna_unico_livello\luglio23\settimana03\progetto edifici isolati\progetto edifici isolati.gdb\sezioni225" # # # #</Process><Process ToolSource="c:\program files\arcgis\pro\Resources\ArcToolbox\toolboxes\Conversion Tools.tbx\ExportFeatures" Date="20230708" Time="100852">ExportFeatures sezioni225 D:\CUS_Sardegna_unico_livello\progetti_ArcGIS_PRO\check_bordi\sezioni.shp # NOT_USE_ALIAS "OBJECTID "OBJECTID" true true false 4 Long 0 0,First,#,sezioni225,OBJECTID,-1,-1;CLASSID "CLASSID" true true false 70 Text 0 0,First,#,sezioni225,CLASSID,0,70;SCRIL "SCRIL" true true false 80 Text 0 0,First,#,sezioni225,SCRIL,0,80;ZONA_R_COL "ZONA_R_COL" true true false 100 Text 0 0,First,#,sezioni225,ZONA_R_COL,0,100;ZONA_R_DT "ZONA_R_DT" true true false 100 Text 0 0,First,#,sezioni225,ZONA_R_DT,0,100;ZONA_R_ENT "ZONA_R_ENT" true true false 100 Text 0 0,First,#,sezioni225,ZONA_R_ENT,0,100;ZONA_R_MET "ZONA_R_MET" true true false 100 Text 0 0,First,#,sezioni225,ZONA_R_MET,0,100;ZONA_R_RID "ZONA_R_RID" true true false 50 Text 0 0,First,#,sezioni225,ZONA_R_RID,0,50;ZONA_R_SN "ZONA_R_SN" true true false 80 Text 0 0,First,#,sezioni225,ZONA_R_SN,0,80;SUBREGID "SUBREGID" true true false 70 Text 0 0,First,#,sezioni225,SUBREGID,0,70;ZONA_R_SEZ "ZONA_R_SEZ" true true false 10 Text 0 0,First,#,sezioni225,ZONA_R_SEZ,0,10;ZONA_R_SE1 "ZONA_R_SE1" true true false 40 Text 0 0,First,#,sezioni225,ZONA_R_SE1,0,40;LINGUA "LINGUA" true true false 80 Text 0 0,First,#,sezioni225,LINGUA,0,80;NOME "NOME" true true false 100 Text 0 0,First,#,sezioni225,NOME,0,100;PERC_COMPL "PERC_COMPL" true true false 4 Long 0 0,First,#,sezioni225,PERC_COMPL,-1,-1;Shape_Leng "Shape_Leng" true true false 8 Double 0 0,First,#,sezioni225,Shape_Leng,-1,-1;Start_date "Start_date" true true false 8 Date 0 0,First,#,sezioni225,Start_date,-1,-1;End_date "End_date" true true false 8 Date 0 0,First,#,sezioni225,End_date,-1,-1;End_plan "End_plan" true true false 8 Date 0 0,First,#,sezioni225,End_plan,-1,-1;consegnate "consegnate" true true false 50 Text 0 0,First,#,sezioni225,consegnate,0,50;note_PK "note_PK" true true false 250 Text 0 0,First,#,sezioni225,note_PK,0,250;fotointerpretate "fotointerpretate" true true false 50 Text 0 0,First,#,sezioni225,fotointerpretate,0,50;Shape_Length "Shape_Length" false true true 8 Double 0 0,First,#,sezioni225,Shape_Length,-1,-1;Shape_Area "Shape_Area" false true true 8 Double 0 0,First,#,sezioni225,Shape_Area,-1,-1" #</Process></lineage><itemProps><itemName Sync="TRUE">sezioni</itemName><imsContentType Sync="TRUE">002</imsContentType><itemSize Sync="TRUE">0.000</itemSize><itemLocation><linkage Sync="TRUE">file://\\FERMI\D\CUS_Sardegna_unico_livello\progetti_ArcGIS_PRO\check_bordi\sezioni.shp</linkage><protocol Sync="TRUE">Local Area Network</protocol></itemLocation><nativeExtBox><westBL Sync="TRUE">422301.963800</westBL><eastBL Sync="TRUE">570687.987700</eastBL><southBL Sync="TRUE">4300026.831600</southBL><northBL Sync="TRUE">4577593.512000</northBL><exTypeCode Sync="TRUE">1</exTypeCode></nativeExtBox></itemProps><coordRef><type Sync="TRUE">Projected</type><geogcsn Sync="TRUE">GCS_RDN2008</geogcsn><csUnits Sync="TRUE">Linear Unit: Meter (1.000000)</csUnits><projcsn Sync="TRUE">RDN2008_UTM_zone_32N</projcsn><peXml Sync="TRUE">&lt;ProjectedCoordinateSystem xsi:type='typens:ProjectedCoordinateSystem' xmlns:xsi='http://www.w3.org/2001/XMLSchema-instance' xmlns:xs='http://www.w3.org/2001/XMLSchema' xmlns:typens='http://www.esri.com/schemas/ArcGIS/3.1.0'&gt;&lt;WKT&gt;PROJCS[&amp;quot;RDN2008_UTM_zone_32N&amp;quot;,GEOGCS[&amp;quot;GCS_RDN2008&amp;quot;,DATUM[&amp;quot;D_Rete_Dinamica_Nazionale_2008&amp;quot;,SPHEROID[&amp;quot;GRS_1980&amp;quot;,6378137.0,298.257222101]],PRIMEM[&amp;quot;Greenwich&amp;quot;,0.0],UNIT[&amp;quot;Degree&amp;quot;,0.0174532925199433]],PROJECTION[&amp;quot;Transverse_Mercator&amp;quot;],PARAMETER[&amp;quot;False_Easting&amp;quot;,500000.0],PARAMETER[&amp;quot;False_Northing&amp;quot;,0.0],PARAMETER[&amp;quot;Central_Meridian&amp;quot;,9.0],PARAMETER[&amp;quot;Scale_Factor&amp;quot;,0.9996],PARAMETER[&amp;quot;Latitude_Of_Origin&amp;quot;,0.0],UNIT[&amp;quot;Meter&amp;quot;,1.0],AUTHORITY[&amp;quot;EPSG&amp;quot;,7791]]&lt;/WKT&gt;&lt;XOrigin&gt;-5120900&lt;/XOrigin&gt;&lt;YOrigin&gt;-9998100&lt;/YOrigin&gt;&lt;XYScale&gt;450445547.3910538&lt;/XYScale&gt;&lt;ZOrigin&gt;-100000&lt;/ZOrigin&gt;&lt;ZScale&gt;10000&lt;/ZScale&gt;&lt;MOrigin&gt;-100000&lt;/MOrigin&gt;&lt;MScale&gt;10000&lt;/MScale&gt;&lt;XYTolerance&gt;0.001&lt;/XYTolerance&gt;&lt;ZTolerance&gt;0.001&lt;/ZTolerance&gt;&lt;MTolerance&gt;0.001&lt;/MTolerance&gt;&lt;HighPrecision&gt;true&lt;/HighPrecision&gt;&lt;WKID&gt;7791&lt;/WKID&gt;&lt;LatestWKID&gt;7791&lt;/LatestWKID&gt;&lt;/ProjectedCoordinateSystem&gt;</peXml></coordRef><copyHistory><copy source="D:\CUS_Sardegna_unico_livello\SEZIONI 30\SEZIONI_30" dest="\\FERMI\D\CUS_Sardegna_unico_livello\maggio23\settimana15\SEZIONI_30" date="20230515" time="10310100"></copy></copyHistory></DataProperties><SyncDate>20230708</SyncDate><SyncTime>10085200</SyncTime><ModDate>20230708</ModDate><ModTime>10085200</ModTime><ArcGISstyle>INSPIRE Metadata Directive</ArcGISstyle><scaleRange><minScale>150000000</minScale><maxScale>5000</maxScale></scaleRange><ArcGISProfile>INSPIRE</ArcGISProfile></Esri><dataIdInfo><envirDesc Sync="TRUE">Microsoft Windows 10 Version 10.0 (Build 19045) ; Esri ArcGIS 13.1.2.41833</envirDesc><dataLang><languageCode value="eng" Sync="TRUE"/><countryCode value="USA" Sync="TRUE"/></dataLang><idCitation><resTitle Sync="TRUE">sezioni</resTitle><presForm><PresFormCd value="005" Sync="TRUE"/></presForm></idCitation><spatRpType><SpatRepTypCd value="001" Sync="TRUE"/></spatRpType><dataExt><vertEle><vertMinVal Sync="TRUE">0.000000</vertMinVal><vertMaxVal Sync="TRUE">0.000000</vertMaxVal></vertEle></dataExt><dataExt><geoEle xmlns=""><GeoBndBox esriExtentType="search"><exTypeCode Sync="TRUE">1</exTypeCode><westBL Sync="TRUE">8.071270</westBL><eastBL Sync="TRUE">9.844947</eastBL><northBL Sync="TRUE">41.349837</northBL><southBL Sync="TRUE">38.845628</southBL></GeoBndBox></geoEle></dataExt><idPurp>Il quadro unione del dbgt10k, scaricato qui

K:\progetti\progetti_z\P21G1466_Regione_Sardegna_Uso_Suolo\DATI_GEOPORTALE\00_QUADRO_UNIONE_10K
E RIPROIETTATO IN ETRS89.

La scheda del dato

https://webgis2.regione.sardegna.it/geonetwork/srv/ita/catalog.search#/metadata/R_SARDEG:11111111-2222-1111-1111-111111166082</idPurp></dataIdInfo><mdLang><languageCode value="eng" Sync="TRUE"/><countryCode value="USA" Sync="TRUE"/></mdLang><mdChar><CharSetCd value="004" Sync="TRUE"/></mdChar><distInfo><distFormat><formatName Sync="TRUE">Shapefile</formatName></distFormat><distTranOps><transSize Sync="TRUE">0.000</transSize></distTranOps></distInfo><mdHrLv><ScopeCd value="005" Sync="TRUE"/></mdHrLv><mdHrLvName Sync="TRUE">dataset</mdHrLvName><refSysInfo><RefSystem><refSysID><identCode code="7791" Sync="TRUE"/><idCodeSpace Sync="TRUE">EPSG</idCodeSpace><idVersion Sync="TRUE">8.9.1(10.6.0)</idVersion></refSysID></RefSystem></refSysInfo><spatRepInfo><VectSpatRep><geometObjs Name="sezioni"><geoObjTyp><GeoObjTypCd value="002" Sync="TRUE"></GeoObjTypCd></geoObjTyp><geoObjCnt Sync="TRUE">0</geoObjCnt></geometObjs><topLvl><TopoLevCd value="001" Sync="TRUE"></TopoLevCd></topLvl></VectSpatRep></spatRepInfo><spdoinfo><ptvctinf><esriterm Name="sezioni"><efeatyp Sync="TRUE">Simple</efeatyp><efeageom code="4" Sync="TRUE"></efeageom><esritopo Sync="TRUE">FALSE</esritopo><efeacnt Sync="TRUE">0</efeacnt><spindex Sync="TRUE">FALSE</spindex><linrefer Sync="TRUE">TRUE</linrefer></esriterm></ptvctinf></spdoinfo><eainfo><detailed Name="sezioni"><enttyp><enttypl Sync="TRUE">sezioni</enttypl><enttypt Sync="TRUE">Feature Class</enttypt><enttypc Sync="TRUE">0</enttypc></enttyp><attr><attrlabl Sync="TRUE">FID</attrlabl><attalias Sync="TRUE">FID</attalias><attrtype Sync="TRUE">OID</attrtype><attwidth Sync="TRUE">4</attwidth><atprecis Sync="TRUE">0</atprecis><attscale Sync="TRUE">0</attscale><attrdef Sync="TRUE">Internal feature number.</attrdef><attrdefs Sync="TRUE">Esri</attrdefs><attrdomv><udom Sync="TRUE">Sequential unique whole numbers that are automatically generated.</udom></attrdomv></attr><attr><attrlabl Sync="TRUE">OBJECTID</attrlabl><attalias Sync="TRUE">OBJECTID</attalias><attrtype Sync="TRUE">Integer</attrtype><attwidth Sync="TRUE">10</attwidth><atprecis Sync="TRUE">10</atprecis><attscale Sync="TRUE">0</attscale><attrdef Sync="TRUE">Internal feature number.</attrdef><attrdefs Sync="TRUE">Esri</attrdefs><attrdomv><udom Sync="TRUE">Sequential unique whole numbers that are automatically generated.</udom></attrdomv></attr><attr><attrlabl Sync="TRUE">Shape</attrlabl><attalias Sync="TRUE">Shape</attalias><attrtype Sync="TRUE">Geometry</attrtype><attwidth Sync="TRUE">0</attwidth><atprecis Sync="TRUE">0</atprecis><attscale Sync="TRUE">0</attscale><attrdef Sync="TRUE">Feature geometry.</attrdef><attrdefs Sync="TRUE">Esri</attrdefs><attrdomv><udom Sync="TRUE">Coordinates defining the features.</udom></attrdomv></attr><attr><attrlabl Sync="TRUE">CLASSID</attrlabl><attalias Sync="TRUE">CLASSID</attalias><attrtype Sync="TRUE">String</attrtype><attwidth Sync="TRUE">70</attwidth><atprecis Sync="TRUE">0</atprecis><attscale Sync="TRUE">0</attscale></attr><attr><attrlabl Sync="TRUE">SCRIL</attrlabl><attalias Sync="TRUE">SCRIL</attalias><attrtype Sync="TRUE">String</attrtype><attwidth Sync="TRUE">80</attwidth><atprecis Sync="TRUE">0</atprecis><attscale Sync="TRUE">0</attscale></attr><attr><attrlabl Sync="TRUE">ZONA_R_COL</attrlabl><attalias Sync="TRUE">ZONA_R_COL</attalias><attrtype Sync="TRUE">String</attrtype><attwidth Sync="TRUE">100</attwidth><atprecis Sync="TRUE">0</atprecis><attscale Sync="TRUE">0</attscale></attr><attr><attrlabl Sync="TRUE">ZONA_R_DT</attrlabl><attalias Sync="TRUE">ZONA_R_DT</attalias><attrtype Sync="TRUE">String</attrtype><attwidth Sync="TRUE">100</attwidth><atprecis Sync="TRUE">0</atprecis><attscale Sync="TRUE">0</attscale></attr><attr><attrlabl Sync="TRUE">ZONA_R_ENT</attrlabl><attalias Sync="TRUE">ZONA_R_ENT</attalias><attrtype Sync="TRUE">String</attrtype><attwidth Sync="TRUE">100</attwidth><atprecis Sync="TRUE">0</atprecis><attscale Sync="TRUE">0</attscale></attr><attr><attrlabl Sync="TRUE">ZONA_R_MET</attrlabl><attalias Sync="TRUE">ZONA_R_MET</attalias><attrtype Sync="TRUE">String</attrtype><attwidth Sync="TRUE">100</attwidth><atprecis Sync="TRUE">0</atprecis><attscale Sync="TRUE">0</attscale></attr><attr><attrlabl Sync="TRUE">ZONA_R_RID</attrlabl><attalias Sync="TRUE">ZONA_R_RID</attalias><attrtype Sync="TRUE">String</attrtype><attwidth Sync="TRUE">50</attwidth><atprecis Sync="TRUE">0</atprecis><attscale Sync="TRUE">0</attscale></attr><attr><attrlabl Sync="TRUE">ZONA_R_SN</attrlabl><attalias Sync="TRUE">ZONA_R_SN</attalias><attrtype Sync="TRUE">String</attrtype><attwidth Sync="TRUE">80</attwidth><atprecis Sync="TRUE">0</atprecis><attscale Sync="TRUE">0</attscale></attr><attr><attrlabl Sync="TRUE">SUBREGID</attrlabl><attalias Sync="TRUE">SUBREGID</attalias><attrtype Sync="TRUE">String</attrtype><attwidth Sync="TRUE">70</attwidth><atprecis Sync="TRUE">0</atprecis><attscale Sync="TRUE">0</attscale></attr><attr><attrlabl Sync="TRUE">ZONA_R_SEZ</attrlabl><attalias Sync="TRUE">ZONA_R_SEZ</attalias><attrtype Sync="TRUE">String</attrtype><attwidth Sync="TRUE">10</attwidth><atprecis Sync="TRUE">0</atprecis><attscale Sync="TRUE">0</attscale></attr><attr><attrlabl Sync="TRUE">ZONA_R_SE1</attrlabl><attalias Sync="TRUE">ZONA_R_SE1</attalias><attrtype Sync="TRUE">String</attrtype><attwidth Sync="TRUE">40</attwidth><atprecis Sync="TRUE">0</atprecis><attscale Sync="TRUE">0</attscale></attr><attr><attrlabl Sync="TRUE">LINGUA</attrlabl><attalias Sync="TRUE">LINGUA</attalias><attrtype Sync="TRUE">String</attrtype><attwidth Sync="TRUE">80</attwidth><atprecis Sync="TRUE">0</atprecis><attscale Sync="TRUE">0</attscale></attr><attr><attrlabl Sync="TRUE">NOME</attrlabl><attalias Sync="TRUE">NOME</attalias><attrtype Sync="TRUE">String</attrtype><attwidth Sync="TRUE">100</attwidth><atprecis Sync="TRUE">0</atprecis><attscale Sync="TRUE">0</attscale></attr><attr><attrlabl Sync="TRUE">PERC_COMPL</attrlabl><attalias Sync="TRUE">PERC_COMPL</attalias><attrtype Sync="TRUE">Integer</attrtype><attwidth Sync="TRUE">10</attwidth><atprecis Sync="TRUE">10</atprecis><attscale Sync="TRUE">0</attscale></attr><attr><attrlabl Sync="TRUE">Shape_Leng</attrlabl><attalias Sync="TRUE">Shape_Leng</attalias><attrtype Sync="TRUE">Double</attrtype><attwidth Sync="TRUE">19</attwidth><atprecis Sync="TRUE">0</atprecis><attscale Sync="TRUE">0</attscale></attr><attr><attrlabl Sync="TRUE">Start_date</attrlabl><attalias Sync="TRUE">Start_date</attalias><attrtype Sync="TRUE">Date</attrtype><attwidth Sync="TRUE">8</attwidth><atprecis Sync="TRUE">0</atprecis><attscale Sync="TRUE">0</attscale></attr><attr><attrlabl Sync="TRUE">End_date</attrlabl><attalias Sync="TRUE">End_date</attalias><attrtype Sync="TRUE">Date</attrtype><attwidth Sync="TRUE">8</attwidth><atprecis Sync="TRUE">0</atprecis><attscale Sync="TRUE">0</attscale></attr><attr><attrlabl Sync="TRUE">End_plan</attrlabl><attalias Sync="TRUE">End_plan</attalias><attrtype Sync="TRUE">Date</attrtype><attwidth Sync="TRUE">8</attwidth><atprecis Sync="TRUE">0</atprecis><attscale Sync="TRUE">0</attscale></attr><attr><attrlabl Sync="TRUE">consegnate</attrlabl><attalias Sync="TRUE">consegnate</attalias><attrtype Sync="TRUE">String</attrtype><attwidth Sync="TRUE">50</attwidth><atprecis Sync="TRUE">0</atprecis><attscale Sync="TRUE">0</attscale></attr><attr><attrlabl Sync="TRUE">note_PK</attrlabl><attalias Sync="TRUE">note_PK</attalias><attrtype Sync="TRUE">String</attrtype><attwidth Sync="TRUE">250</attwidth><atprecis Sync="TRUE">0</atprecis><attscale Sync="TRUE">0</attscale></attr><attr><attrlabl Sync="TRUE">fotointerp</attrlabl><attalias Sync="TRUE">fotointerp</attalias><attrtype Sync="TRUE">String</attrtype><attwidth Sync="TRUE">50</attwidth><atprecis Sync="TRUE">0</atprecis><attscale Sync="TRUE">0</attscale></attr><attr><attrlabl Sync="TRUE">Shape_Le_1</attrlabl><attalias Sync="TRUE">Shape_Le_1</attalias><attrtype Sync="TRUE">Double</attrtype><attwidth Sync="TRUE">19</attwidth><atprecis Sync="TRUE">0</atprecis><attscale Sync="TRUE">0</attscale></attr><attr><attrlabl Sync="TRUE">Shape_Area</attrlabl><attalias Sync="TRUE">Shape_Area</attalias><attrtype Sync="TRUE">Double</attrtype><attwidth Sync="TRUE">19</attwidth><atprecis Sync="TRUE">0</atprecis><attscale Sync="TRUE">0</attscale><attrdef Sync="TRUE">Area of feature in internal units squared.</attrdef><attrdefs Sync="TRUE">Esri</attrdefs><attrdomv><udom Sync="TRUE">Positive real numbers that are automatically generated.</udom></attrdomv></attr></detailed></eainfo><mdDateSt Sync="TRUE">20230708</mdDateSt></metadata>
